<?xml version="1.0" encoding="UTF-8"?>
<!DOCTYPE mapper PUBLIC "-//mybatis.org//DTD Mapper 3.0//EN" "http://mybatis.org/dtd/mybatis-3-mapper.dtd" >
<mapper namespace="kr.co.hta.mapper.UserMapper">

	<resultMap type="User" id="UserResultMap">
		<id column="user_id" property="id"/>
		<result column="user_email" property="email"/>
		<result column="user_password" property="password"/>
		<result column="user_name" property="name"/>
		<result column="user_tel" property="tel"/>
		<result column="user_disabled" property="disabled"/>
		<result column="user_created_date" property="createdDate"/>
		<result column="user_updated_date" property="updatedDate"/>
	</resultMap>

	<!-- User getUserByEmail(String email); -->
	<select id="getUserByEmail" parameterType="string" resultMap="UserResultMap">
		select *
		from spring_users
		where user_email = #{value}
	</select>
	
	<!-- User getUserById(String id); -->
	<select id="getUserById" parameterType="string" resultMap="UserResultMap">
		select *
		from spring_users
		where user_id = #{value}
	</select>
	
	<!-- void insertUser(User user); -->
	<insert id="insertUser" parameterType="User">
		insert into spring_users
		(user_id, user_email, user_password, user_name, user_tel)
		values
		(#{id}, #{email}, #{password}, #{name}, #{tel})
	</insert>
	
	<!-- void updateUser(User user); -->
	<update id="updateUser" parameterType="User">
		update spring_users
		set
			user_password = #{password},
			user_name = #{name},
			user_tel = #{tel},
			user_disabled = #{disabled},
			user_udated_date = sysdate
		where user_id = #{id}
	</update>

</mapper>